H0,H1,t-statistic,p-value
GPw=Mw,GPw>Mw,138.47650518370983,0.0
RLw=Mw,RLw>Mw,135.19655028939573,0.0
RLw=GPw,RLw>GPw,6.684483345548264,1.1920802761557714e-11
GPv=Mv,GPv>Mv,-21.20227572733355,1.0
RLv=Mv,RLv>Mv,-15.212789423061686,1.0
RLv=GPv,RLv>GPv,7.294349631656276,1.563330555753541e-13
GPc=Mc,GPc<Mc,-359.40496337719185,0.0
RLc=Mc,RLc<Mc,-351.71061961086866,0.0
RLc=GPc,RLc<GPc,5.671686573191282,0.9999999927821172
