batch,reward_RL,model_convergence,backtesting_sharperatio,simulationtesting_sharperatio_av2std,simulationtesting_wealthnetrisk_av2std,simulationtesting_wealth_av2std
0,-1.1225489512337465,0.0,-1.5282854703261197,0.0319501415220333,0.0038193580690138464,0.04612628659290512
1,-0.006141651109873038,0.8301849278054542,-1.523987036574836,0.0026171427344448546,-0.023559897758565713,0.01315001784724014
2,-0.02448914958686494,0.6496548818855651,1.0607581087182598,0.0354307901415928,-0.025216774829997072,0.03368106995708481
3,-0.028232287032196924,0.5386528248759315,-1.6710881463185205,0.06217204083290625,0.01924104550356283,0.0645100374047406
4,0.0014308226120178574,0.3294135965713232,-0.4301880894707111,0.05992137740962026,0.02672772376886778,0.06434175183849955
5,0.012678684967942964,0.7667998934529536,1.0508999135692547,0.036148778325916606,-0.02815469974055298,0.032745869124688895
