batch,reward_RL,model_convergence,backtesting_sharperatio,simulationtesting_sharperatio_av2std,simulationtesting_wealthnetrisk_av2std,simulationtesting_wealth_av2std
0,-23.121880618234517,0.0,-0.9521986617130352,0.08630237431660166,0.041942647566380185,0.10016722618303073
1,-0.11728017428743241,0.9963473809758314,-1.0602220940931941,0.10357517697025691,0.05827523296248706,0.11751915780649644
2,0.012606147709051241,0.3631103898197544,-0.8905521874295147,0.1029906986202703,0.05030190869474559,0.11200633174510222
3,-0.021534058212690686,0.24159759846937492,-0.8615312360774531,0.12805021491127427,0.08684767268823727,0.13960972977612993
4,0.030120275755160818,0.3152546737736742,-0.658765242819766,0.13401823379984623,0.08837622505398054,0.1446983941743246
5,0.06253154746094763,0.2170342260917832,-0.8136410836737953,0.14289128154335504,0.10419189291892428,0.1559385647235606
