batch,reward_RL,model_convergence,backtesting_sharperatio,simulationtesting_sharperatio_av2std,simulationtesting_wealthnetrisk_av2std,simulationtesting_wealth_av2std
0,-1.1172773894488566,0.0,0.6079974893120577,0.01885802983109668,0.002123916369406266,0.024796120382735706
1,-0.020413248779450954,0.9484296124334235,0.7375152416399213,0.04431796690981001,0.018147418833102176,0.04791057478159608
2,-0.017609318176766278,0.515579712249866,0.24517045607130386,0.05214184572330848,0.041262475326241554,0.05842728648123323
3,0.0072206306074754775,0.20630608510565362,-0.12579709011610882,0.04259096964465012,0.0194784183819392,0.04797879001365948
4,-0.020551471716167485,0.3829720161659046,0.19871207564431692,0.05294476195913611,0.03740673956741727,0.06026400828977237
5,0.006167179274972179,0.44213583941470186,0.6565873962880977,0.0470750799025599,0.01912386718139587,0.04871949615745847
