H0,H1,t-statistic,p-value
GPw=Mw,GPw>Mw,39.18418495137239,0.0
RLw=Mw,RLw>Mw,40.5492713616961,0.0
RLw=GPw,RLw>GPw,0.802318503260909,0.21118960862858582
GPv=Mv,GPv>Mv,-8.552031344439492,1.0
RLv=Mv,RLv>Mv,-11.264429490344934,1.0
RLv=GPv,RLv>GPv,-4.2788819766515465,0.9999905602813388
GPc=Mc,GPc<Mc,-53.19664216674194,0.0
RLc=Mc,RLc<Mc,-55.64383466721587,0.0
RLc=GPc,RLc<GPc,-43.72643295055641,0.0
