agent_type,sharpe_ratio
Markowitz,0.19963769501530956
GP,-0.33869585323357626
RL,0.41437350263688033
