agent_type,chunk_id,sharpe_ratio
Markowitz,0,-0.13106386746274917
Markowitz,1,3.416303732303015
Markowitz,2,-1.8362269668940057
Markowitz,3,3.038113556473085
Markowitz,4,-0.503093103344957
Markowitz,5,
GP,0,0.03954871576750429
GP,1,0.5296505964356908
GP,2,-1.5288507010125436
GP,3,2.359476264024024
GP,4,-0.9784729467532757
GP,5,
RL,0,-2.7849235856983703
RL,1,-4.5223630433666715
RL,2,-3.2356306344240195
RL,3,-2.6247956187554204
RL,4,-2.130048387131519
RL,5,
