Quantity,Model,Mean,Standard deviation
Final wealth,GP,509.9296881734086,1411.49100466945
Final wealth,M,-2323.6739158466717,3892.98571871306
Final wealth,RL,174.5147878208574,4098.092583005935
Final value,GP,691.6522550736803,1424.423038349496
Final value,M,2300.3789209690126,3791.7100132973496
Final value,RL,1044.04023055226,4221.781588116966
Final cost,GP,181.7225669002719,65.02639790155713
Final cost,M,4624.052836815685,873.468769179162
Final cost,RL,869.5254427314027,480.8157933349442
