H0,H1,t-statistic,p-value
GPw=Mw,GPw>Mw,6.8085472515851135,1.8580200320870886e-10
RLw=Mw,RLw>Mw,4.397536380024039,8.93982368892976e-06
RLw=GPw,RLw>GPw,-0.7699722073437796,0.7785986240434625
GPv=Mv,GPv>Mv,-3.9518267614346785,0.9999358760445434
RLv=Mv,RLv>Mv,-2.202890921722911,0.9856152465991747
RLv=GPv,RLv>GPv,0.7869224622135651,0.21643133212020443
GPc=Mc,GPc<Mc,-50.46391055758603,2.6574415685080556e-73
RLc=Mc,RLc<Mc,-37.46717538572124,1.4443725989607204e-79
RLc=GPc,RLc<GPc,14.104803712876338,1.0
