agent_type,sharpe_ratio
Markowitz,-5.657215073603563
GP,8.112487503299379
RL,5.152507616553123
