H0,H1,t-statistic,p-value
GPw=Mw,GPw>Mw,39.18418495137239,0.0
RLw=Mw,RLw>Mw,41.46074980301145,0.0
RLw=GPw,RLw>GPw,3.352679653919699,0.0004009557206311932
GPv=Mv,GPv>Mv,-8.552031344439492,1.0
RLv=Mv,RLv>Mv,-9.201005995975406,1.0
RLv=GPv,RLv>GPv,-0.5851239314663716,0.7207642904293745
GPc=Mc,GPc<Mc,-53.19664216674194,0.0
RLc=Mc,RLc<Mc,-55.12258852102484,0.0
RLc=GPc,RLc<GPc,-33.917069729505755,7.489208295167615e-244
