H0,H1,t-statistic,p-value
GPw=Mw,GPw>Mw,64.78701735772992,0.0
RLw=Mw,RLw>Mw,66.44313210152055,0.0
RLw=GPw,RLw>GPw,-7.383077075604585,0.9999999999999171
GPv=Mv,GPv>Mv,-16.26016881728524,1.0
RLv=Mv,RLv>Mv,-23.956430715306446,1.0
RLv=GPv,RLv>GPv,-15.943184333597312,1.0
GPc=Mc,GPc<Mc,-474.3823622343271,0.0
RLc=Mc,RLc<Mc,-494.9519282588256,0.0
RLc=GPc,RLc<GPc,-237.52671898607363,0.0
