agent_type,sharpe_ratio,final_cost,final_risk,final_value,final_wealth,final_wealth_net_risk
Markowitz,-0.5777603768010281,12.720313628224854,45.30584708673388,-232.9112871798659,-245.63160080809075,-290.93744789482463
GP,-0.6585739604151737,41.72450352638966,39.363286314855465,-211.4206793245821,-253.14518285097176,-292.50846916582725
RL,-0.9521986617130352,23.425940909017953,63.70137883938286,-319.342508924197,-342.76844983321496,-406.4698286725978
