agent_type,sharpe_ratio,final_cost,final_risk,final_value,final_wealth,final_wealth_net_risk
Markowitz,-0.5777603768010281,12.720313628224854,45.30584708673388,-232.9112871798659,-245.63160080809075,-290.93744789482463
GP,-0.6585739604151737,41.72450352638966,39.363286314855465,-211.4206793245821,-253.14518285097176,-292.50846916582725
RL,-0.6451432285129676,120.44893591247533,110.28537439990276,-301.20833712463326,-421.6572730371086,-531.9426474370114
