H0,H1,t-statistic,p-value
GPw=Mw,GPw>Mw,140.67016867595896,0.0
RLw=Mw,RLw>Mw,134.28862183891297,0.0
RLw=GPw,RLw>GPw,8.902875847510087,2.99184737059523e-19
GPv=Mv,GPv>Mv,-18.055864737164562,1.0
RLv=Mv,RLv>Mv,-8.317574999159945,0.9999999999999999
RLv=GPv,RLv>GPv,12.251084964586122,1.1681080783209522e-34
GPc=Mc,GPc<Mc,-471.05875214968734,0.0
RLc=Mc,RLc<Mc,-452.28719748194254,0.0
RLc=GPc,RLc<GPc,28.717776764337525,1.0
