H0,H1,t-statistic,p-value
GPw=Mw,GPw>Mw,64.78701735772992,0.0
RLw=Mw,RLw>Mw,66.58185779893958,0.0
RLw=GPw,RLw>GPw,-5.893010134635448,0.9999999980545058
GPv=Mv,GPv>Mv,-16.26016881728524,1.0
RLv=Mv,RLv>Mv,-23.0597578927466,1.0
RLv=GPv,RLv>GPv,-13.606163485745979,1.0
GPc=Mc,GPc<Mc,-474.3823622343271,0.0
RLc=Mc,RLc<Mc,-493.64904422343795,0.0
RLc=GPc,RLc<GPc,-221.20675843684077,0.0
