H0,H1,t-statistic,p-value
GPw=Mw,GPw>Mw,64.78701735772992,0.0
RLw=Mw,RLw>Mw,66.45979937734666,0.0
RLw=GPw,RLw>GPw,-7.429025052598011,0.9999999999999412
GPv=Mv,GPv>Mv,-16.26016881728524,1.0
RLv=Mv,RLv>Mv,-23.843399963364764,1.0
RLv=GPv,RLv>GPv,-15.681359865825382,1.0
GPc=Mc,GPc<Mc,-474.3823622343271,0.0
RLc=Mc,RLc<Mc,-494.2197333677001,0.0
RLc=GPc,RLc<GPc,-228.23575964365057,0.0
