Quantity,Model,Mean,Standard deviation
Final wealth,GP,2.604131992025983,196.325869638917
Final wealth,M,-233.51774216636449,569.6844516941368
Final wealth,RL,10.92324055265756,151.72356487003876
Final value,GP,26.780737248473866,200.00230360226186
Final value,M,67.38728517686073,430.6138221873544
Final value,RL,25.303265936220757,154.1163003764334
Final cost,GP,24.176605256447882,25.033290047836264
Final cost,M,300.90502734322513,519.5703179922481
Final cost,RL,14.380025383563193,14.405967362164546
