H0,H1,t-statistic,p-value
GPw=Mw,GPw>Mw,1.898119393689612,0.041048313279452395
RLw=Mw,RLw>Mw,1.8327885071599672,0.04520710674328907
RLw=GPw,RLw>GPw,-0.05280784661171779,0.5207626228372254
GPv=Mv,GPv>Mv,-0.793605596330333,0.7787672911927668
RLv=Mv,RLv>Mv,-0.7623191939347538,0.7703121595921928
RLv=GPv,RLv>GPv,0.025106583940190715,0.49012501874806735
GPc=Mc,GPc<Mc,-23.343730505269352,8.944224158492107e-10
RLc=Mc,RLc<Mc,-23.010281718572887,1.1810022425543763e-09
RLc=GPc,RLc<GPc,3.517904847806317,0.9985003271535593
