H0,H1,t-statistic,p-value
GPw=Mw,GPw>Mw,64.78701735772992,0.0
RLw=Mw,RLw>Mw,59.72985917897207,0.0
RLw=GPw,RLw>GPw,-4.996209871631868,0.9999997050840551
GPv=Mv,GPv>Mv,-16.26016881728524,1.0
RLv=Mv,RLv>Mv,-18.627663033714114,1.0
RLv=GPv,RLv>GPv,-5.140260560323223,0.9999998614723079
GPc=Mc,GPc<Mc,-474.3823622343271,0.0
RLc=Mc,RLc<Mc,-472.81227183913984,0.0
RLc=GPc,RLc<GPc,-3.630184869471325,0.00014202228088340367
