variables,t-statistic,p-value
GPw vs Mw,67.74828668820243,0.0
RLw vs Mw,66.61340829184122,0.0
RLw vs GPw,-1.8792920135930937,0.06021916486533628
GPv vs Mv,-17.01364071779778,1.0
RLv vs Mv,-18.927826881699104,1.0
RLv vs GPv,-3.6875227822259746,0.0002270471817393026
GPc vs Mc,-474.11004550504157,0.0
RLc vs Mc,-479.59087016027087,0.0
RLc vs GPc,-47.916569042204294,0.0
