H0,H1,t-statistic,p-value
GPw=Mw,GPw>Mw,138.47650518370983,0.0
RLw=Mw,RLw>Mw,126.28021021821934,0.0
RLw=GPw,RLw>GPw,7.078175765919943,7.615284260044832e-13
GPv=Mv,GPv>Mv,-21.20227572733355,1.0
RLv=Mv,RLv>Mv,-6.002770713070476,0.999999999012432
RLv=GPv,RLv>GPv,17.247439915803568,2.5006178596375875e-66
GPc=Mc,GPc<Mc,-359.40496337719185,0.0
RLc=Mc,RLc<Mc,-330.97758926782797,0.0
RLc=GPc,RLc<GPc,67.80492082246256,1.0
