H0,H1,t-statistic,p-value
GPw=Mw,GPw>Mw,64.78701735772992,0.0
RLw=Mw,RLw>Mw,64.89680535479971,0.0
RLw=GPw,RLw>GPw,-0.8900893518188945,0.8132856668245199
GPv=Mv,GPv>Mv,-16.26016881728524,1.0
RLv=Mv,RLv>Mv,-17.699391023609405,1.0
RLv=GPv,RLv>GPv,-2.5239419863493175,0.9941937899195411
GPc=Mc,GPc<Mc,-474.3823622343271,0.0
RLc=Mc,RLc<Mc,-479.26675072901196,0.0
RLc=GPc,RLc<GPc,-43.151891170124664,0.0
