Quantity,Model,Mean,Standard deviation
Final wealth,GP,336.24795744462136,1602.9084803972376
Final wealth,M,-3037.135028642405,3955.2307474027816
Final wealth,RL,169.91130855156047,1730.0863442749178
Final value,GP,532.3898801742978,1617.487534709061
Final value,M,1545.7237329525835,3937.624835410063
Final value,RL,345.59145928833607,1761.384706890674
Final cost,GP,196.14192272967648,80.05830922620041
Final cost,M,4582.858761594987,912.4320615288311
Final cost,RL,175.68015073677554,119.7892119589533
