H0,H1,t-statistic,p-value
GPw=Mw,GPw>Mw,79.04077922371027,0.0
RLw=Mw,RLw>Mw,74.28394252304658,0.0
RLw=GPw,RLw>GPw,-7.052298066006276,0.9999999999990912
GPv=Mv,GPv>Mv,-23.803339721428635,1.0
RLv=Mv,RLv>Mv,-27.82050157588491,1.0
RLv=GPv,RLv>GPv,-7.8109027820958135,0.999999999999997
GPc=Mc,GPc<Mc,-478.907921871474,0.0
RLc=Mc,RLc<Mc,-478.88094433456166,0.0
RLc=GPc,RLc<GPc,-14.201052287405282,8.092343169053787e-46
